{"geometryType":"esriGeometryPolygon","features":[{"geometry":{"rings":[[[-7799757.713840838,-3979727.839086081],[-7795935.862426584,-3979689.6205719383],[-7795247.929172019,-3980377.553826504],[-7795878.53465537,-3984294.9515261143],[-7800044.352696907,-3984180.2959836866],[-7799757.713840838,-3979727.839086081]]]},"spatialReference":{"wkid":102100}}]}